<?xml version="1.0" encoding="UTF-8"?><idempiere Name="SSOConfiguration" Version="1.0.0" idempiereVersion="" DataBaseVersion="" Description="" Author="" AuthorEmail="" CreatedDate="2022-11-07 17:44:21.0" UpdatedDate="2022-11-07 17:46:02.0" PackOutVersion="100" UpdateDictionary="true" Client="0-SYSTEM-System" AD_Client_UU="11237b53-9592-4af1-b3c5-afd216514b5d">
    <AD_Ref_List type="table">
        <AD_Client_ID>0</AD_Client_ID>
        <AD_Org_ID>0</AD_Org_ID>
        <Name>Amazon Cognito</Name>
        <Description/>
        <AD_Reference_ID reference="id">200213</AD_Reference_ID>
        <ValidFrom/>
        <ValidTo/>
        <Value>COGNITO</Value>
        <IsActive>Y</IsActive>
        <EntityType>U</EntityType>
        <AD_Ref_List_UU>9cc1df82-6ac8-4522-971c-28c1f39ea33a</AD_Ref_List_UU>
        <AD_Ref_List_Trl type="translation">
            <Description/>
            <Name>Amazon Cognito</Name>
            <AD_Language>es_CO</AD_Language>
            <IsActive>Y</IsActive>
            <IsTranslated>N</IsTranslated>
        </AD_Ref_List_Trl>
    </AD_Ref_List>
</idempiere>
