<?xml version="1.0" encoding="UTF-8"?><idempiere Name="SSOConfiguration" Version="1.0.0" idempiereVersion="" DataBaseVersion="" Description="" Author="" AuthorEmail="" CreatedDate="2022-11-07 17:44:21.0" UpdatedDate="2022-11-07 17:46:02.0" PackOutVersion="100" UpdateDictionary="true" Client="0-SYSTEM-System" AD_Client_UU="11237b53-9592-4af1-b3c5-afd216514b5d">
    <AD_Column type="table">
        <AD_Column_ID>215297</AD_Column_ID>
        <IsSyncDatabase>Y</IsSyncDatabase>
        <AD_Table_ID reference="id">200360</AD_Table_ID>
        <AD_Reference_Value_ID reference="id"/>
        <AD_Client_ID>0</AD_Client_ID>
        <AD_Org_ID>0</AD_Org_ID>
        <AD_Column_ID>215297</AD_Column_ID>
        <Version>0</Version>
        <Name>Tenant ID</Name>
        <Description>SSO provider Tenant ID is a globally unique identifier (GUID)</Description>
        <Help>SSO provider Tenant ID is a globally unique identifier (GUID)</Help>
        <AD_Val_Rule_ID reference="id"/>
        <ColumnName>SSO_AuthorizationTenantID</ColumnName>
        <DefaultValue/>
        <FieldLength>100</FieldLength>
        <IsKey>N</IsKey>
        <IsParent>N</IsParent>
        <IsMandatory>N</IsMandatory>
        <IsTranslated>N</IsTranslated>
        <IsIdentifier>N</IsIdentifier>
        <SeqNo>0</SeqNo>
        <IsEncrypted>N</IsEncrypted>
        <AD_Reference_ID reference="id">10</AD_Reference_ID>
        <IsActive>Y</IsActive>
        <VFormat/>
        <Callout/>
        <AD_Element_ID reference="id">203655</AD_Element_ID>
        <IsUpdateable>Y</IsUpdateable>
        <AD_Process_ID reference="id"/>
        <ValueMin/>
        <ValueMax/>
        <IsSelectionColumn>N</IsSelectionColumn>
        <ReadOnlyLogic/>
        <EntityType>D</EntityType>
        <IsAlwaysUpdateable>N</IsAlwaysUpdateable>
        <ColumnSQL/>
        <MandatoryLogic>@SSO_Provider@ = 'MSAZURE'|@SSO_Provider@ = 'COGNITO'</MandatoryLogic>
        <IsAutocomplete>N</IsAutocomplete>
        <IsAllowLogging>N</IsAllowLogging>
        <FormatPattern/>
        <AD_Chart_ID reference="id"/>
        <AD_Column_UU>2e32c2c9-c933-4531-85b8-9fcd5e32cb00</AD_Column_UU>
        <IsAllowCopy>N</IsAllowCopy>
        <SeqNoSelection>0</SeqNoSelection>
        <IsToolbarButton>N</IsToolbarButton>
        <IsSecure>N</IsSecure>
        <FKConstraintName/>
        <FKConstraintType>N</FKConstraintType>
        <PA_DashboardContent_ID reference="id"/>
        <Placeholder/>
        <IsHtml>N</IsHtml>
        <AD_Val_Rule_Lookup_ID reference="id"/>
        <AlwaysUpdatableLogic/>
    </AD_Column>
    <AD_Column type="table">
        <AD_Column_ID>215298</AD_Column_ID>
        <IsSyncDatabase>Y</IsSyncDatabase>
        <AD_Table_ID reference="id">200360</AD_Table_ID>
        <AD_Reference_Value_ID reference="id"/>
        <AD_Client_ID>0</AD_Client_ID>
        <AD_Org_ID>0</AD_Org_ID>
        <AD_Column_ID>215298</AD_Column_ID>
        <Version>0</Version>
        <Name>Application Client ID</Name>
        <Description>SSO provider unique app client id</Description>
        <Help>SSO provider unique app client id</Help>
        <AD_Val_Rule_ID reference="id"/>
        <ColumnName>SSO_ApplicationClientID</ColumnName>
        <DefaultValue/>
        <FieldLength>100</FieldLength>
        <IsKey>N</IsKey>
        <IsParent>N</IsParent>
        <IsMandatory>N</IsMandatory>
        <IsTranslated>N</IsTranslated>
        <IsIdentifier>N</IsIdentifier>
        <SeqNo>0</SeqNo>
        <IsEncrypted>N</IsEncrypted>
        <AD_Reference_ID reference="id">10</AD_Reference_ID>
        <IsActive>Y</IsActive>
        <VFormat/>
        <Callout/>
        <AD_Element_ID reference="id">203656</AD_Element_ID>
        <IsUpdateable>Y</IsUpdateable>
        <AD_Process_ID reference="id"/>
        <ValueMin/>
        <ValueMax/>
        <IsSelectionColumn>N</IsSelectionColumn>
        <ReadOnlyLogic/>
        <EntityType>D</EntityType>
        <IsAlwaysUpdateable>Y</IsAlwaysUpdateable>
        <ColumnSQL/>
        <MandatoryLogic>@SSO_Provider@ = 'MSAZURE'|@SSO_Provider@ = 'DIDMOS'|@SSO_Provider@ = 'COGNITO'</MandatoryLogic>
        <IsAutocomplete>N</IsAutocomplete>
        <IsAllowLogging>N</IsAllowLogging>
        <FormatPattern/>
        <AD_Chart_ID reference="id"/>
        <AD_Column_UU>39975d3e-0a1f-407f-9067-50f7dcfb6bef</AD_Column_UU>
        <IsAllowCopy>N</IsAllowCopy>
        <SeqNoSelection>0</SeqNoSelection>
        <IsToolbarButton>N</IsToolbarButton>
        <IsSecure>N</IsSecure>
        <FKConstraintName/>
        <FKConstraintType>N</FKConstraintType>
        <PA_DashboardContent_ID reference="id"/>
        <Placeholder/>
        <IsHtml>N</IsHtml>
        <AD_Val_Rule_Lookup_ID reference="id"/>
        <AlwaysUpdatableLogic/>
    </AD_Column>
    <AD_Column type="table">
        <AD_Column_ID>215300</AD_Column_ID>
        <IsSyncDatabase>Y</IsSyncDatabase>
        <AD_Table_ID reference="id">200360</AD_Table_ID>
        <AD_Reference_Value_ID reference="id"/>
        <AD_Client_ID>0</AD_Client_ID>
        <AD_Org_ID>0</AD_Org_ID>
        <AD_Column_ID>215300</AD_Column_ID>
        <Version>0</Version>
        <Name>Application Redirect URIs</Name>
        <Description>The URIs SSO provider will accept as destinations when returning authentication responses (tokens) after successfully authenticating or signing out users.</Description>
        <Help>The URIs SSO provider will accept as destinations when returning authentication responses (tokens) after successfully authenticating or signing out users.</Help>
        <AD_Val_Rule_ID reference="id"/>
        <ColumnName>SSO_ApplicationRedirectURIs</ColumnName>
        <DefaultValue/>
        <FieldLength>1000</FieldLength>
        <IsKey>N</IsKey>
        <IsParent>N</IsParent>
        <IsMandatory>N</IsMandatory>
        <IsTranslated>N</IsTranslated>
        <IsIdentifier>N</IsIdentifier>
        <SeqNo>0</SeqNo>
        <IsEncrypted>N</IsEncrypted>
        <AD_Reference_ID reference="id">10</AD_Reference_ID>
        <IsActive>Y</IsActive>
        <VFormat/>
        <Callout/>
        <AD_Element_ID reference="id">203658</AD_Element_ID>
        <IsUpdateable>Y</IsUpdateable>
        <AD_Process_ID reference="id"/>
        <ValueMin/>
        <ValueMax/>
        <IsSelectionColumn>N</IsSelectionColumn>
        <ReadOnlyLogic/>
        <EntityType>D</EntityType>
        <IsAlwaysUpdateable>Y</IsAlwaysUpdateable>
        <ColumnSQL/>
        <MandatoryLogic>@SSO_Provider@ = 'MSAZURE'|@SSO_Provider@ = 'DIDMOS'|@SSO_Provider@ = 'COGNITO'</MandatoryLogic>
        <IsAutocomplete>N</IsAutocomplete>
        <IsAllowLogging>N</IsAllowLogging>
        <FormatPattern/>
        <AD_Chart_ID reference="id"/>
        <AD_Column_UU>d407ac13-80ef-4af8-92eb-343f63ea13fc</AD_Column_UU>
        <IsAllowCopy>N</IsAllowCopy>
        <SeqNoSelection>0</SeqNoSelection>
        <IsToolbarButton>N</IsToolbarButton>
        <IsSecure>N</IsSecure>
        <FKConstraintName/>
        <FKConstraintType>N</FKConstraintType>
        <PA_DashboardContent_ID reference="id"/>
        <Placeholder/>
        <IsHtml>N</IsHtml>
        <AD_Val_Rule_Lookup_ID reference="id"/>
        <AlwaysUpdatableLogic/>
    </AD_Column>
    <AD_Column type="table">
        <AD_Column_ID>215301</AD_Column_ID>
        <IsSyncDatabase>Y</IsSyncDatabase>
        <AD_Table_ID reference="id">200360</AD_Table_ID>
        <AD_Reference_Value_ID reference="id"/>
        <AD_Client_ID>0</AD_Client_ID>
        <AD_Org_ID>0</AD_Org_ID>
        <AD_Column_ID>215301</AD_Column_ID>
        <Version>0</Version>
        <Name>Application Logout URL</Name>
        <Description>This is where SSO provider sends a request to have the application clear the user's session data</Description>
        <Help>This is where SSO provider sends a request to have the application clear the user's session data</Help>
        <AD_Val_Rule_ID reference="id"/>
        <ColumnName>SSO_ApplicationLogoutURL</ColumnName>
        <DefaultValue/>
        <FieldLength>1000</FieldLength>
        <IsKey>N</IsKey>
        <IsParent>N</IsParent>
        <IsMandatory>N</IsMandatory>
        <IsTranslated>N</IsTranslated>
        <IsIdentifier>N</IsIdentifier>
        <SeqNo>0</SeqNo>
        <IsEncrypted>N</IsEncrypted>
        <AD_Reference_ID reference="id">10</AD_Reference_ID>
        <IsActive>Y</IsActive>
        <VFormat/>
        <Callout/>
        <AD_Element_ID reference="id">203659</AD_Element_ID>
        <IsUpdateable>Y</IsUpdateable>
        <AD_Process_ID reference="id"/>
        <ValueMin/>
        <ValueMax/>
        <IsSelectionColumn>N</IsSelectionColumn>
        <ReadOnlyLogic/>
        <EntityType>D</EntityType>
        <IsAlwaysUpdateable>Y</IsAlwaysUpdateable>
        <ColumnSQL/>
        <MandatoryLogic/>
        <IsAutocomplete>N</IsAutocomplete>
        <IsAllowLogging>N</IsAllowLogging>
        <FormatPattern/>
        <AD_Chart_ID reference="id"/>
        <AD_Column_UU>c24bd056-beca-4fb6-ae85-660115478486</AD_Column_UU>
        <IsAllowCopy>N</IsAllowCopy>
        <SeqNoSelection>0</SeqNoSelection>
        <IsToolbarButton>N</IsToolbarButton>
        <IsSecure>N</IsSecure>
        <FKConstraintName/>
        <FKConstraintType>N</FKConstraintType>
        <PA_DashboardContent_ID reference="id"/>
        <Placeholder/>
        <IsHtml>N</IsHtml>
        <AD_Val_Rule_Lookup_ID reference="id"/>
        <AlwaysUpdatableLogic/>
    </AD_Column>
    <AD_Column type="table">
        <AD_Column_ID>215302</AD_Column_ID>
        <IsSyncDatabase>Y</IsSyncDatabase>
        <AD_Table_ID reference="id">200360</AD_Table_ID>
        <AD_Reference_Value_ID reference="id"/>
        <AD_Client_ID>0</AD_Client_ID>
        <AD_Org_ID>0</AD_Org_ID>
        <AD_Column_ID>215302</AD_Column_ID>
        <Version>0</Version>
        <Name>Application Secret Key</Name>
        <Description>SSO provider client secret key to access this user info</Description>
        <Help>SSO provider client secret key to access this user info</Help>
        <AD_Val_Rule_ID reference="id"/>
        <ColumnName>SSO_ApplicationSecretKey</ColumnName>
        <DefaultValue/>
        <FieldLength>100</FieldLength>
        <IsKey>N</IsKey>
        <IsParent>N</IsParent>
        <IsMandatory>N</IsMandatory>
        <IsTranslated>N</IsTranslated>
        <IsIdentifier>N</IsIdentifier>
        <SeqNo>0</SeqNo>
        <IsEncrypted>N</IsEncrypted>
        <AD_Reference_ID reference="id">10</AD_Reference_ID>
        <IsActive>Y</IsActive>
        <VFormat/>
        <Callout/>
        <AD_Element_ID reference="id">203657</AD_Element_ID>
        <IsUpdateable>Y</IsUpdateable>
        <AD_Process_ID reference="id"/>
        <ValueMin/>
        <ValueMax/>
        <IsSelectionColumn>N</IsSelectionColumn>
        <ReadOnlyLogic/>
        <EntityType>D</EntityType>
        <IsAlwaysUpdateable>N</IsAlwaysUpdateable>
        <ColumnSQL/>
        <MandatoryLogic>@SSO_Provider@ = 'MSAZURE'|@SSO_Provider@ = 'DIDMOS' |@SSO_Provider@ = 'COGNITO'</MandatoryLogic>
        <IsAutocomplete>N</IsAutocomplete>
        <IsAllowLogging>N</IsAllowLogging>
        <FormatPattern/>
        <AD_Chart_ID reference="id"/>
        <AD_Column_UU>a1c453e1-42f2-4131-810a-3e9f6ea6c81e</AD_Column_UU>
        <IsAllowCopy>N</IsAllowCopy>
        <SeqNoSelection>0</SeqNoSelection>
        <IsToolbarButton>N</IsToolbarButton>
        <IsSecure>Y</IsSecure>
        <FKConstraintName/>
        <FKConstraintType>N</FKConstraintType>
        <PA_DashboardContent_ID reference="id"/>
        <Placeholder/>
        <IsHtml>N</IsHtml>
        <AD_Val_Rule_Lookup_ID reference="id"/>
        <AlwaysUpdatableLogic/>
    </AD_Column>
    <AD_Ref_List type="table">
        <AD_Client_ID>0</AD_Client_ID>
        <AD_Org_ID>0</AD_Org_ID>
        <Name>Amazon Cognito</Name>
        <Description/>
        <AD_Reference_ID reference="id">200213</AD_Reference_ID>
        <ValidFrom/>
        <ValidTo/>
        <Value>COGNITO</Value>
        <IsActive>Y</IsActive>
        <EntityType>U</EntityType>
        <AD_Ref_List_UU>9cc1df82-6ac8-4522-971c-28c1f39ea33a</AD_Ref_List_UU>
        <AD_Ref_List_Trl type="translation">
            <Description/>
            <Name>Amazon Cognito</Name>
            <AD_Language>es_CO</AD_Language>
            <IsActive>Y</IsActive>
            <IsTranslated>N</IsTranslated>
        </AD_Ref_List_Trl>
    </AD_Ref_List>
    <AD_Element type="table">
        <AD_Element_ID>203727</AD_Element_ID>
        <AD_Client_ID>0</AD_Client_ID>
        <AD_Org_ID>0</AD_Org_ID>
        <AD_Element_ID>203727</AD_Element_ID>
        <IsActive>Y</IsActive>
        <ColumnName>SSO_ApplicationDiscoveryURI</ColumnName>
        <Name>Application Discovery URI</Name>
        <Description>SSO Application Discovery URI</Description>
        <Help/>
        <PrintName>Application Discovery URI</PrintName>
        <PO_Description/>
        <PO_Help/>
        <PO_Name/>
        <PO_PrintName/>
        <EntityType>D</EntityType>
        <AD_Element_UU>999d76d2-1744-457d-bac9-3134f750874f</AD_Element_UU>
        <Placeholder/>
        <AD_Element_Trl type="translation">
            <Description>SSO Application Discovery URI</Description>
            <Help/>
            <Name>Application Discovery URI</Name>
            <Placeholder/>
            <PO_Description/>
            <PO_Help/>
            <PO_Name/>
            <PO_PrintName/>
            <PrintName>Application Discovery URI</PrintName>
            <AD_Language>es_CO</AD_Language>
            <IsActive>Y</IsActive>
            <IsTranslated>N</IsTranslated>
        </AD_Element_Trl>
    </AD_Element>
    <AD_Column type="table">
        <AD_Column_ID>215637</AD_Column_ID>
        <IsSyncDatabase>Y</IsSyncDatabase>
        <AD_Table_ID reference="id">200360</AD_Table_ID>
        <AD_Reference_Value_ID reference="id"/>
        <AD_Client_ID>0</AD_Client_ID>
        <AD_Org_ID>0</AD_Org_ID>
        <AD_Column_ID>215637</AD_Column_ID>
        <Version>0</Version>
        <Name>Application Discovery URI</Name>
        <Description>A directory of the OIDC architecture of your user pool.</Description>
        <Help>A directory of the OIDC architecture of your user pool.</Help>
        <AD_Val_Rule_ID reference="id"/>
        <ColumnName>SSO_ApplicationDiscoveryURI</ColumnName>
        <DefaultValue/>
        <FieldLength>4000</FieldLength>
        <IsKey>N</IsKey>
        <IsParent>N</IsParent>
        <IsMandatory>N</IsMandatory>
        <IsTranslated>N</IsTranslated>
        <IsIdentifier>N</IsIdentifier>
        <SeqNo>0</SeqNo>
        <IsEncrypted>N</IsEncrypted>
        <AD_Reference_ID reference="id">10</AD_Reference_ID>
        <IsActive>Y</IsActive>
        <VFormat/>
        <Callout/>
        <AD_Element_ID reference="id">203727</AD_Element_ID>
        <IsUpdateable>Y</IsUpdateable>
        <AD_Process_ID reference="id"/>
        <ValueMin/>
        <ValueMax/>
        <IsSelectionColumn>N</IsSelectionColumn>
        <ReadOnlyLogic/>
        <EntityType>D</EntityType>
        <IsAlwaysUpdateable>Y</IsAlwaysUpdateable>
        <ColumnSQL/>
        <MandatoryLogic>@SSO_Provider@ = 'COGNITO'</MandatoryLogic>
        <IsAutocomplete>N</IsAutocomplete>
        <IsAllowLogging>Y</IsAllowLogging>
        <FormatPattern/>
        <AD_Chart_ID reference="id"/>
        <AD_Column_UU>f806a488-6dfc-4fee-aa15-9794aa9eafe0</AD_Column_UU>
        <IsAllowCopy>Y</IsAllowCopy>
        <SeqNoSelection>0</SeqNoSelection>
        <IsToolbarButton>N</IsToolbarButton>
        <IsSecure>N</IsSecure>
        <FKConstraintName/>
        <FKConstraintType>N</FKConstraintType>
        <PA_DashboardContent_ID reference="id"/>
        <Placeholder/>
        <IsHtml>N</IsHtml>
        <AD_Val_Rule_Lookup_ID reference="id"/>
        <AlwaysUpdatableLogic/>
    </AD_Column>
    <AD_Element type="table">
        <AD_Element_ID>203725</AD_Element_ID>
        <AD_Client_ID>0</AD_Client_ID>
        <AD_Org_ID>0</AD_Org_ID>
        <AD_Element_ID>203725</AD_Element_ID>
        <IsActive>Y</IsActive>
        <ColumnName>SSO_ApplicationDomain</ColumnName>
        <Name>Application Domain</Name>
        <Description>SSO Application Domain</Description>
        <Help/>
        <PrintName>Application Domain</PrintName>
        <PO_Description/>
        <PO_Help/>
        <PO_Name/>
        <PO_PrintName/>
        <EntityType>D</EntityType>
        <AD_Element_UU>e5ed0a02-4eaf-4713-9107-ccc79f1e0cb1</AD_Element_UU>
        <Placeholder/>
        <AD_Element_Trl type="translation">
            <Description>SSO Application Domain</Description>
            <Help/>
            <Name>Application Domain</Name>
            <Placeholder/>
            <PO_Description/>
            <PO_Help/>
            <PO_Name/>
            <PO_PrintName/>
            <PrintName>Application Domain</PrintName>
            <AD_Language>es_CO</AD_Language>
            <IsActive>Y</IsActive>
            <IsTranslated>N</IsTranslated>
        </AD_Element_Trl>
    </AD_Element>
    <AD_Column type="table">
        <AD_Column_ID>215638</AD_Column_ID>
        <IsSyncDatabase>Y</IsSyncDatabase>
        <AD_Table_ID reference="id">200360</AD_Table_ID>
        <AD_Reference_Value_ID reference="id"/>
        <AD_Client_ID>0</AD_Client_ID>
        <AD_Org_ID>0</AD_Org_ID>
        <AD_Column_ID>215638</AD_Column_ID>
        <Version>0</Version>
        <Name>Application Domain</Name>
        <Description>A domain name is a string that identifies a realm of administrative autonomy, authority or control within the Internet for your Provider.</Description>
        <Help>A domain name is a string that identifies a realm of administrative autonomy, authority or control within the Internet for your Provider.</Help>
        <AD_Val_Rule_ID reference="id"/>
        <ColumnName>SSO_ApplicationDomain</ColumnName>
        <DefaultValue/>
        <FieldLength>4000</FieldLength>
        <IsKey>N</IsKey>
        <IsParent>N</IsParent>
        <IsMandatory>N</IsMandatory>
        <IsTranslated>N</IsTranslated>
        <IsIdentifier>N</IsIdentifier>
        <SeqNo>0</SeqNo>
        <IsEncrypted>N</IsEncrypted>
        <AD_Reference_ID reference="id">10</AD_Reference_ID>
        <IsActive>Y</IsActive>
        <VFormat/>
        <Callout/>
        <AD_Element_ID reference="id">203725</AD_Element_ID>
        <IsUpdateable>Y</IsUpdateable>
        <AD_Process_ID reference="id"/>
        <ValueMin/>
        <ValueMax/>
        <IsSelectionColumn>N</IsSelectionColumn>
        <ReadOnlyLogic/>
        <EntityType>D</EntityType>
        <IsAlwaysUpdateable>Y</IsAlwaysUpdateable>
        <ColumnSQL/>
        <MandatoryLogic>@SSO_Provider@ = 'COGNITO'</MandatoryLogic>
        <IsAutocomplete>N</IsAutocomplete>
        <IsAllowLogging>Y</IsAllowLogging>
        <FormatPattern/>
        <AD_Chart_ID reference="id"/>
        <AD_Column_UU>2dbe8818-b3c5-470d-885f-7d5cb2eb0c50</AD_Column_UU>
        <IsAllowCopy>Y</IsAllowCopy>
        <SeqNoSelection>0</SeqNoSelection>
        <IsToolbarButton>N</IsToolbarButton>
        <IsSecure>N</IsSecure>
        <FKConstraintName/>
        <FKConstraintType>N</FKConstraintType>
        <PA_DashboardContent_ID reference="id"/>
        <Placeholder/>
        <IsHtml>N</IsHtml>
        <AD_Val_Rule_Lookup_ID reference="id"/>
        <AlwaysUpdatableLogic/>
    </AD_Column>
    <AD_Field type="table">
        <AD_Field_ID>207199</AD_Field_ID>
        <AD_Client_ID>0</AD_Client_ID>
        <AD_Org_ID>0</AD_Org_ID>
        <AD_Field_ID>207199</AD_Field_ID>
        <Name>Application Logout URL</Name>
        <Description>SSO Application Logout URL</Description>
        <Help/>
        <AD_Tab_ID reference="id">200328</AD_Tab_ID>
        <AD_Column_ID reference="id">215301</AD_Column_ID>
        <IsDisplayed>N</IsDisplayed>
        <DisplayLogic/>
        <DisplayLength>1000</DisplayLength>
        <SeqNo>0</SeqNo>
        <SortNo/>
        <IsSameLine>N</IsSameLine>
        <IsHeading>N</IsHeading>
        <IsFieldOnly>N</IsFieldOnly>
        <IsEncrypted>N</IsEncrypted>
        <IsActive>Y</IsActive>
        <IsReadOnly>N</IsReadOnly>
        <IsCentrallyMaintained>Y</IsCentrallyMaintained>
        <AD_FieldGroup_ID reference="id"/>
        <EntityType>D</EntityType>
        <ObscureType/>
        <AD_Reference_ID reference="id"/>
        <IsMandatory/>
        <DefaultValue/>
        <AD_Reference_Value_ID reference="id"/>
        <AD_Val_Rule_ID reference="id"/>
        <Included_Tab_ID reference="id"/>
        <AD_Field_UU>266b349b-5040-4e62-a2bd-12cc8d1b26a5</AD_Field_UU>
        <IsAllowCopy/>
        <IsDisplayedGrid>N</IsDisplayedGrid>
        <SeqNoGrid>70</SeqNoGrid>
        <XPosition>1</XPosition>
        <ColumnSpan>5</ColumnSpan>
        <NumLines>1</NumLines>
        <IsQuickEntry>N</IsQuickEntry>
        <IsUpdateable/>
        <IsAlwaysUpdateable/>
        <MandatoryLogic/>
        <ReadOnlyLogic/>
        <IsToolbarButton/>
        <IsDefaultFocus>N</IsDefaultFocus>
        <IsAdvancedField>N</IsAdvancedField>
        <VFormat/>
        <AD_LabelStyle_ID reference="id"/>
        <AD_FieldStyle_ID reference="id"/>
        <IsQuickForm>N</IsQuickForm>
        <Placeholder/>
        <IsSelectionColumn/>
        <AD_Val_Rule_Lookup_ID reference="id"/>
        <AlwaysUpdatableLogic/>
        <AD_Field_Trl type="translation">
            <Description>SSO Application Logout URL</Description>
            <Help/>
            <Name>Application Logout URL</Name>
            <Placeholder/>
            <AD_Language>es_CO</AD_Language>
            <IsActive>Y</IsActive>
            <IsTranslated>N</IsTranslated>
        </AD_Field_Trl>
    </AD_Field>
    <AD_Field type="table">
        <AD_Field_ID>207415</AD_Field_ID>
        <AD_Client_ID>0</AD_Client_ID>
        <AD_Org_ID>0</AD_Org_ID>
        <AD_Field_ID>207415</AD_Field_ID>
        <Name>Application Domain</Name>
        <Description>SSO Application Domain</Description>
        <Help/>
        <AD_Tab_ID reference="id">200328</AD_Tab_ID>
        <AD_Column_ID reference="id">215638</AD_Column_ID>
        <IsDisplayed>Y</IsDisplayed>
        <DisplayLogic>@SSO_Provider@ = 'COGNITO'</DisplayLogic>
        <DisplayLength>4000</DisplayLength>
        <SeqNo>110</SeqNo>
        <SortNo/>
        <IsSameLine>N</IsSameLine>
        <IsHeading>N</IsHeading>
        <IsFieldOnly>N</IsFieldOnly>
        <IsEncrypted>N</IsEncrypted>
        <IsActive>Y</IsActive>
        <IsReadOnly>N</IsReadOnly>
        <IsCentrallyMaintained>Y</IsCentrallyMaintained>
        <AD_FieldGroup_ID reference="id"/>
        <EntityType>D</EntityType>
        <ObscureType/>
        <AD_Reference_ID reference="id"/>
        <IsMandatory/>
        <DefaultValue/>
        <AD_Reference_Value_ID reference="id"/>
        <AD_Val_Rule_ID reference="id"/>
        <Included_Tab_ID reference="id"/>
        <AD_Field_UU>3b760acd-467f-42ad-9d9c-2bc1887185b8</AD_Field_UU>
        <IsAllowCopy/>
        <IsDisplayedGrid>Y</IsDisplayedGrid>
        <SeqNoGrid>120</SeqNoGrid>
        <XPosition>1</XPosition>
        <ColumnSpan>5</ColumnSpan>
        <NumLines>1</NumLines>
        <IsQuickEntry>N</IsQuickEntry>
        <IsUpdateable/>
        <IsAlwaysUpdateable/>
        <MandatoryLogic/>
        <ReadOnlyLogic/>
        <IsToolbarButton/>
        <IsDefaultFocus>N</IsDefaultFocus>
        <IsAdvancedField>N</IsAdvancedField>
        <VFormat/>
        <AD_LabelStyle_ID reference="id"/>
        <AD_FieldStyle_ID reference="id"/>
        <IsQuickForm>N</IsQuickForm>
        <Placeholder/>
        <IsSelectionColumn/>
        <AD_Val_Rule_Lookup_ID reference="id"/>
        <AlwaysUpdatableLogic/>
        <AD_Field_Trl type="translation">
            <Description>SSO Application Domain</Description>
            <Help/>
            <Name>Application Domain</Name>
            <Placeholder/>
            <AD_Language>es_CO</AD_Language>
            <IsActive>Y</IsActive>
            <IsTranslated>N</IsTranslated>
        </AD_Field_Trl>
    </AD_Field>
    <AD_Field type="table">
        <AD_Field_ID>207414</AD_Field_ID>
        <AD_Client_ID>0</AD_Client_ID>
        <AD_Org_ID>0</AD_Org_ID>
        <AD_Field_ID>207414</AD_Field_ID>
        <Name>Application Discovery URI</Name>
        <Description>SSO Application Discovery URI</Description>
        <Help/>
        <AD_Tab_ID reference="id">200328</AD_Tab_ID>
        <AD_Column_ID reference="id">215637</AD_Column_ID>
        <IsDisplayed>Y</IsDisplayed>
        <DisplayLogic>@SSO_Provider@ = 'COGNITO'</DisplayLogic>
        <DisplayLength>4000</DisplayLength>
        <SeqNo>120</SeqNo>
        <SortNo/>
        <IsSameLine>N</IsSameLine>
        <IsHeading>N</IsHeading>
        <IsFieldOnly>N</IsFieldOnly>
        <IsEncrypted>N</IsEncrypted>
        <IsActive>Y</IsActive>
        <IsReadOnly>N</IsReadOnly>
        <IsCentrallyMaintained>Y</IsCentrallyMaintained>
        <AD_FieldGroup_ID reference="id"/>
        <EntityType>D</EntityType>
        <ObscureType/>
        <AD_Reference_ID reference="id"/>
        <IsMandatory/>
        <DefaultValue/>
        <AD_Reference_Value_ID reference="id"/>
        <AD_Val_Rule_ID reference="id"/>
        <Included_Tab_ID reference="id"/>
        <AD_Field_UU>24573116-ea2f-4cc2-86d5-19abee762b99</AD_Field_UU>
        <IsAllowCopy/>
        <IsDisplayedGrid>Y</IsDisplayedGrid>
        <SeqNoGrid>110</SeqNoGrid>
        <XPosition>1</XPosition>
        <ColumnSpan>5</ColumnSpan>
        <NumLines>1</NumLines>
        <IsQuickEntry>N</IsQuickEntry>
        <IsUpdateable/>
        <IsAlwaysUpdateable/>
        <MandatoryLogic/>
        <ReadOnlyLogic/>
        <IsToolbarButton/>
        <IsDefaultFocus>N</IsDefaultFocus>
        <IsAdvancedField>N</IsAdvancedField>
        <VFormat/>
        <AD_LabelStyle_ID reference="id"/>
        <AD_FieldStyle_ID reference="id"/>
        <IsQuickForm>N</IsQuickForm>
        <Placeholder/>
        <IsSelectionColumn/>
        <AD_Val_Rule_Lookup_ID reference="id"/>
        <AlwaysUpdatableLogic/>
        <AD_Field_Trl type="translation">
            <Description>SSO Application Discovery URI</Description>
            <Help/>
            <Name>Application Discovery URI</Name>
            <Placeholder/>
            <AD_Language>es_CO</AD_Language>
            <IsActive>Y</IsActive>
            <IsTranslated>N</IsTranslated>
        </AD_Field_Trl>
    </AD_Field>
</idempiere>
